"1","user1","example1@gmail.com","Customer"
"2","user2","example2@gmail.com","Customer"
"3","user3","example3@gmail.com","Customer"
"4","user4","example4@gmail.com","Customer"
"5","user5","example5@gmail.com","Customer"
"6","user6","example6@gmail.com"
"7","user7","example7@gmail.com","Customer"
"8","user8","example8@gmail.com","Customer"
"9","user9","example9@gmail.com","Customer"
"10","user10","example10@gmail.com","Customer"
"11","user11","example11@gmail.com","Customer"
"12","user12","example12@gmail.com","Customer"
"13","user13","example13@gmail.com","Customer"
"14","user14","example14@gmail.com","Customer"
"15","user15","example15@gmail.com","Customer"
"16","user16","example16@gmail.com","Customer"
"17","user17","example17@gmail.com","Customer"
"18","user18","example18@gmail.com","Customer"
"19","user19","example19@gmail.com","Customer"
"20","user20","example20@gmail.com","Customer"
"21","user21","example21@gmail.com","Customer"
"22","user22","example22@gmail.com","Customer"
"23","user23","example23@gmail.com","Customer"
"24","user24","example24@gmail.com","Customer"
"25","user25","example25@gmail.com","Customer"
"26","user26","example26@gmail.com","Customer"
"27","user27","example27@gmail.com","Customer"
"28","user28","example28@gmail.com","Customer"
"29","user29","example29@gmail.com","Customer"
"30","user30","example30@gmail.com","Customer"
"31","user31","example31@gmail.com","Customer"
"32","user32","example32@gmail.com","Customer"
"33","user33","example33@gmail.com","Customer"
"34","user34","example34@gmail.com","Customer"
"35","user35","example35@gmail.com","Customer"
"36","user36","example36@gmail.com","Customer"
"37","user37","example37@gmail.com","Customer"
"38","user38","example38@gmail.com","Customer"
"39","user39","example39@gmail.com","Customer"
"40","user40","example40@gmail.com","Customer"
"41","user41","example41@gmail.com","Customer"
"42","user42","example42@gmail.com","Customer"
"43","user43","example43@gmail.com","Customer"
"44","user44","example44@gmail.com","Customer"
"45","user45","example45@gmail.com","Customer"
"46","user46","example46@gmail.com","Customer"
"47","user47","example47@gmail.com","Customer"
"48","user48","example48@gmail.com","Customer"
"49","user49","example49@gmail.com","Customer"
"50","user50","example50@gmail.com","Customer"
"1","user1","example1@gmail.com","Customer"
"2","user2","example2@gmail.com","Customer"
"3","user3","example3@gmail.com","Customer"
"4","user4","example4@gmail.com","Customer"
"5","user5","example5@gmail.com","Customer"
"6","user6","example6@gmail.com","Customer"
"7","user7","example7@gmail.com","Customer"
"8","user8","example8@gmail.com","Customer"
"9","user9","example9@gmail.com","Customer"
"10","user10","example10@gmail.com","Customer"
"11","user11","example11@gmail.com","Customer"
"12","user12","example12@gmail.com","Customer"
"13","user13","example13@gmail.com","Customer"
"14","user14","example14@gmail.com","Customer"
"15","user15","example15@gmail.com","Customer"
"16","user16","example16@gmail.com","Customer"
"17","user17","example17@gmail.com","Customer"
"18","user18","example18@gmail.com","Customer"
"19","user19","example19@gmail.com","Customer"
"20","user20","example20@gmail.com","Customer"
"21","user21","example21@gmail.com","Customer"
"22","user22","example22@gmail.com","Customer"
"23","user23","example23@gmail.com","Customer"
"24","user24","example24@gmail.com","Customer"
"25","user25","example25@gmail.com","Customer"
"26","user26","example26@gmail.com","Customer"
"27","user27","example27@gmail.com","Customer"
"28","user28","example28@gmail.com","Customer"
"29","user29","example29@gmail.com","Customer"
"30","user30","example30@gmail.com","Customer"
"31","user31","example31@gmail.com","Customer"
"32","user32","example32@gmail.com","Customer"
"33","user33","example33@gmail.com","Customer"
"34","user34","example34@gmail.com","Customer"
"35","user35","example35@gmail.com","Customer"
"36","user36","example36@gmail.com","Customer"
"37","user37","example37@gmail.com","Customer"
"38","user38","example38@gmail.com","Customer"
"39","user39","example39@gmail.com","Customer"
"40","user40","example40@gmail.com","Customer"
"41","user41","example41@gmail.com","Customer"
"42","user42","example42@gmail.com","Customer"
"43","user43","example43@gmail.com","Customer"
"44","user44","example44@gmail.com","Customer"
"45","user45","example45@gmail.com","Customer"
"46","user46","example46@gmail.com","Customer"
"47","user47","example47@gmail.com","Customer"
"48","user48","example48@gmail.com","Customer"
"49","user49","example49@gmail.com","Customer"
"50","user50","example50@gmail.com","Customer"
"1","user1","example1@gmail.com","Customer"
"2","user2","example2@gmail.com","Customer"
"3","user3","example3@gmail.com","Customer"
"4","user4","example4@gmail.com","Customer"
"5","user5","example5@gmail.com","Customer"
"6","user6","example6@gmail.com","Customer"
"7","user7","example7@gmail.com","Customer"
"8","user8","example8@gmail.com","Customer"
"9","user9","example9@gmail.com","Customer"
"10","user10","example10@gmail.com","Customer"
"11","user11","example11@gmail.com","Customer"
"12","user12","example12@gmail.com","Customer"
"13","user13","example13@gmail.com","Customer"
"14","user14","example14@gmail.com","Customer"
"15","user15","example15@gmail.com","Customer"
"16","user16","example16@gmail.com","Customer"
"17","user17","example17@gmail.com","Customer"
"18","user18","example18@gmail.com","Customer"
"19","user19","example19@gmail.com","Customer"
"20","user20","example20@gmail.com","Customer"
"21","user21","example21@gmail.com","Customer"
"22","user22","example22@gmail.com","Customer"
"23","user23","example23@gmail.com","Customer"
"24","user24","example24@gmail.com","Customer"
"25","user25","example25@gmail.com","Customer"
"26","user26","example26@gmail.com","Customer"
"27","user27","example27@gmail.com","Customer"
"28","user28","example28@gmail.com","Customer"
"29","user29","example29@gmail.com","Customer"
"30","user30","example30@gmail.com","Customer"
"31","user31","example31@gmail.com","Customer"
"32","user32","example32@gmail.com","Customer"
"33","user33","example33@gmail.com","Customer"
"34","user34","example34@gmail.com","Customer"
"35","user35","example35@gmail.com","Customer"
"36","user36","example36@gmail.com","Customer"
"37","user37","example37@gmail.com","Customer"
"38","user38","example38@gmail.com","Customer"
"39","user39","example39@gmail.com","Customer"
"40","user40","example40@gmail.com","Customer"
"41","user41","example41@gmail.com","Customer"
"42","user42","example42@gmail.com","Customer"
"43","user43","example43@gmail.com","Customer"
"44","user44","example44@gmail.com","Customer"
"45","user45","example45@gmail.com","Customer"
"46","user46","example46@gmail.com","Customer"
"47","user47","example47@gmail.com","Customer"
"48","user48","example48@gmail.com","Customer"
"49","user49","example49@gmail.com","Customer"
"50","user50","example50@gmail.com","Customer"
"1","user1","example1@gmail.com","Customer"
"2","user2","example2@gmail.com","Customer"
"3","user3","example3@gmail.com","Customer"
"4","user4","example4@gmail.com","Customer"
"5","user5","example5@gmail.com","Customer"
"6","user6","example6@gmail.com","Customer"
"7","user7","example7@gmail.com","Customer"
"8","user8","example8@gmail.com","Customer"
"9","user9","example9@gmail.com","Customer"
"10","user10","example10@gmail.com","Customer"
"11","user11","example11@gmail.com","Customer"
"12","user12","example12@gmail.com","Customer"
"13","user13","example13@gmail.com","Customer"
"14","user14","example14@gmail.com","Customer"
"15","user15","example15@gmail.com","Customer"
"16","user16","example16@gmail.com","Customer"
"17","user17","example17@gmail.com","Customer"
"18","user18","example18@gmail.com","Customer"
"19","user19","example19@gmail.com","Customer"
"20","user20","example20@gmail.com","Customer"
"21","user21","example21@gmail.com","Customer"
"22","user22","example22@gmail.com","Customer"
"23","user23","example23@gmail.com","Customer"
"24","user24","example24@gmail.com","Customer"
"25","user25","example25@gmail.com","Customer"
"26","user26","example26@gmail.com","Customer"
"27","user27","example27@gmail.com","Customer"
"28","user28","example28@gmail.com","Customer"
"29","user29","example29@gmail.com","Customer"
"30","user30","example30@gmail.com","Customer"
"31","user31","example31@gmail.com","Customer"
"32","user32","example32@gmail.com","Customer"
"33","user33","example33@gmail.com","Customer"
"34","user34","example34@gmail.com","Customer"
"35","user35","example35@gmail.com","Customer"
"36","user36","example36@gmail.com","Customer"
"37","user37","example37@gmail.com","Customer"
"38","user38","example38@gmail.com","Customer"
"39","user39","example39@gmail.com","Customer"
"40","user40","example40@gmail.com","Customer"
"41","user41","example41@gmail.com","Customer"
"42","user42","example42@gmail.com","Customer"
"43","user43","example43@gmail.com","Customer"
"44","user44","example44@gmail.com","Customer"
"45","user45","example45@gmail.com","Customer"
"46","user46","example46@gmail.com","Customer"
"47","user47","example47@gmail.com","Customer"
"48","user48","example48@gmail.com","Customer"
"49","user49","example49@gmail.com","Customer"
"50","user50","example50@gmail.com","Customer"
"1","user1","example1@gmail.com","Customer"
"2","user2","example2@gmail.com","Customer"
"3","user3","example3@gmail.com","Customer"
"4","user4","example4@gmail.com","Customer"
"5","user5","example5@gmail.com","Customer"
"6","user6","example6@gmail.com","Customer"
"7","user7","example7@gmail.com","Customer"
"8","user8","example8@gmail.com","Customer"
"9","user9","example9@gmail.com","Customer"
"10","user10","example10@gmail.com","Customer"
"11","user11","example11@gmail.com","Customer"
"12","user12","example12@gmail.com","Customer"
"13","user13","example13@gmail.com","Customer"
"14","user14","example14@gmail.com","Customer"
"15","user15","example15@gmail.com","Customer"
"16","user16","example16@gmail.com","Customer"
"17","user17","example17@gmail.com","Customer"
"18","user18","example18@gmail.com","Customer"
"19","user19","example19@gmail.com","Customer"
"20","user20","example20@gmail.com","Customer"
"21","user21","example21@gmail.com","Customer"
"22","user22","example22@gmail.com","Customer"
"23","user23","example23@gmail.com","Customer"
"24","user24","example24@gmail.com","Customer"
"25","user25","example25@gmail.com","Customer"
"26","user26","example26@gmail.com","Customer"
"27","user27","example27@gmail.com","Customer"
"28","user28","example28@gmail.com","Customer"
"29","user29","example29@gmail.com","Customer"
"30","user30","example30@gmail.com","Customer"
"31","user31","example31@gmail.com","Customer"
"32","user32","example32@gmail.com","Customer"
"33","user33","example33@gmail.com","Customer"
"34","user34","example34@gmail.com","Customer"
"35","user35","example35@gmail.com","Customer"
"36","user36","example36@gmail.com","Customer"
"37","user37","example37@gmail.com","Customer"
"38","user38","example38@gmail.com","Customer"
"39","user39","example39@gmail.com","Customer"
"40","user40","example40@gmail.com","Customer"
"41","user41","example41@gmail.com","Customer"
"42","user42","example42@gmail.com","Customer"
"43","user43","example43@gmail.com","Customer"
"44","user44","example44@gmail.com","Customer"
"45","user45","example45@gmail.com","Customer"
"46","user46","example46@gmail.com","Customer"
"47","user47","example47@gmail.com","Customer"
"48","user48","example48@gmail.com","Customer"
"49","user49","example49@gmail.com","Customer"
"50","user50","example50@gmail.com","Customer"
